Sample node,Individual,Clade,gulf,carib,out
0,13310puequi,carib,0.015304563461511959,0.9846954365384382,0.0
1,13310puequi,carib,0.013337657609686339,0.9866623423902751,0.0
2,13318uniqui,carib,0.015832462633715357,0.9841675373662498,0.0
3,13318uniqui,carib,0.016089724900870284,0.9839102750991231,0.0
4,17996indbel,carib,0.008484129648283429,0.9915158703517062,0.0
5,17996indbel,carib,0.008365922190329743,0.9916340778096578,0.0
6,17997indbel,carib,0.009989880063472225,0.9900101199365097,0.0
7,17997indbel,carib,0.009504677738559938,0.9904953222614389,0.0
8,17998indbel,carib,0.009842517960321632,0.990157482039671,0.0
9,17998indbel,carib,0.01004476388948611,0.9899552361104972,0.0
10,17999indbel,carib,0.008425897203872294,0.9915741027961013,0.0
11,17999indbel,carib,0.010112154142180104,0.9898878458577927,0.0
12,18000indbel,carib,0.008719150447796666,0.991280849552191,0.0
13,18000indbel,carib,0.008720410574667499,0.9912795894253174,0.0
14,18151nigbel,carib,0.015993348302273124,0.9840066516977,0.0
15,18151nigbel,carib,0.01688979602777126,0.9831102039722059,0.0
16,18152puebel,carib,0.015533195587752664,0.9844668044122091,0.0
17,18152puebel,carib,0.015251590894524507,0.9847484091054427,0.0
18,18153nigbel,carib,0.015555368405580172,0.9844446315943928,0.0
19,18153nigbel,carib,0.014346453814936594,0.985653546185037,0.0
20,18154puebel,carib,0.014478476087751642,0.9855215239122225,0.0
21,18154puebel,carib,0.014387652259275595,0.9856123477406933,0.0
22,18155nigbel,carib,0.014685615828600904,0.9853143841713717,0.0
23,18155nigbel,carib,0.014706873394997967,0.9852931266049639,0.0
24,18156nigbel,carib,0.014191282770490261,0.9858087172294809,0.0
25,18156nigbel,carib,0.01661527060945442,0.9833847293905166,0.0
26,18157nigbel,carib,0.015566763993090076,0.9844332360068928,0.0
27,18157nigbel,carib,0.015558422898404662,0.98444157710156,0.0
28,18158nigbel,carib,0.014276540596850722,0.9857234594031091,0.0
29,18158nigbel,carib,0.015684749978198676,0.984315250021753,0.0
30,18159nigbel,carib,0.01570124228564664,0.9842987577143207,0.0
31,18159nigbel,carib,0.014567163238854767,0.9854328367611264,0.0
32,18160gutbel,carib,0.01406647229442198,0.9859335277055633,0.0
33,18160gutbel,carib,0.012866033178541304,0.9871339668214257,0.0
34,18161puebel,carib,0.01503981015634155,0.9849601898436309,0.0
35,18161puebel,carib,0.017843392696976067,0.9821566073030021,0.0
36,18162nigbel,carib,0.013775139447571493,0.9862248605524022,0.0
37,18162nigbel,carib,0.016247846957716205,0.9837521530422534,0.0
38,18163unibel,carib,0.015614050627406426,0.9843859493725611,0.0
39,18163unibel,carib,0.015023217991704285,0.9849767820082727,0.0
40,18165nigbel,carib,0.014759740082797903,0.9852402599171706,0.0
41,18165nigbel,carib,0.013758479068750188,0.9862415209312465,0.0
42,18166puebel,carib,0.013589254942197237,0.9864107450577635,0.0
43,18166puebel,carib,0.013566431516305027,0.9864335684836818,0.0
44,18169puebel,carib,0.017894011907273095,0.9821059880926997,0.0
45,18169puebel,carib,0.016710865693760416,0.9832891343061947,0.0
46,18171nigbel,carib,0.014263384086973288,0.9857366159130069,0.0
47,18171nigbel,carib,0.014380901400824559,0.9856190985991451,0.0
48,18172puebel,carib,0.015549095070013353,0.9844509049299704,0.0
49,18172puebel,carib,0.014254531002854218,0.9857454689971088,0.0
50,18174puebel,carib,0.014970412706050581,0.9850295872939415,0.0
51,18174puebel,carib,0.01583292168711779,0.9841670783128543,0.0
52,18175puebel,carib,0.016623406567712225,0.9833765934322584,0.0
53,18175puebel,carib,0.015920845604074346,0.9840791543958884,0.0
54,18176puebel,carib,0.015695020148649336,0.9843049798513145,0.0
55,18176puebel,carib,0.01445273318284564,0.9855472668171414,0.0
56,18178puebel,carib,0.015360366352260072,0.9846396336477107,0.0
57,18178puebel,carib,0.0164686158315009,0.9835313841684776,0.0
58,18179puebel,carib,0.014208962215743992,0.9857910377842279,0.0
59,18179puebel,carib,0.01507008424063969,0.9849299157593561,0.0
60,18180puebel,carib,0.01567411042908319,0.9843258895708785,0.0
61,18180puebel,carib,0.014831500246847892,0.9851684997531329,0.0
62,18185nigbel,carib,0.015631796043257488,0.9843682039567154,0.0
63,18185nigbel,carib,0.01537441222307226,0.9846255877769141,0.0
64,18187nigbel,carib,0.01413791701858515,0.9858620829813808,0.0
65,18187nigbel,carib,0.01373230873553614,0.9862676912644393,0.0
66,18195indbel,carib,0.008940074964263939,0.9910599250357184,0.0
67,18195indbel,carib,0.00784498761822972,0.992155012381747,0.0
68,18222indbel,carib,0.008809722966594769,0.9911902770333866,0.0
69,18222indbel,carib,0.008106998786134498,0.9918930012138469,0.0
70,18225indbel,carib,0.011367939880986897,0.9886320601190006,0.0
71,18225indbel,carib,0.011941281931970317,0.9880587180680017,0.0
72,18226indbel,carib,0.009309778270929613,0.9906902217290645,0.0
73,18226indbel,carib,0.009119840818074479,0.9908801591819107,0.0
74,18227indbel,carib,0.010312531368075837,0.9896874686319005,0.0
75,18227indbel,carib,0.009481553600426663,0.9905184463995508,0.0
76,18261unibel,carib,0.01685521171247956,0.9831447882874982,0.0
77,18261unibel,carib,0.016042591083217914,0.9839574089167531,0.0
78,18263abebel,carib,0.0161306209043966,0.9838693790955958,0.0
79,18263abebel,carib,0.015710908672194084,0.9842890913277766,0.0
80,18267unibel,carib,0.015319432268285292,0.9846805677316657,0.0
81,18267unibel,carib,0.014611105248344552,0.9853888947516426,0.0
82,18274unibel,carib,0.01688340770656025,0.9831165922933985,0.0
83,18274unibel,carib,0.016024372198192614,0.9839756278017765,0.0
84,18276unibel,carib,0.016615412240570324,0.9833845877594035,0.0
85,18276unibel,carib,0.014999935906359554,0.9850000640936144,0.0
86,18418nigboc,carib,0.010868965452756665,0.9891310345472235,0.0
87,18418nigboc,carib,0.011147616468062074,0.9888523835319237,0.0
88,18419pueboc,carib,0.013970752625213868,0.9860292473747656,0.0
89,18419pueboc,carib,0.014291873107537446,0.9857081268924484,0.0
90,18420uniboc,carib,0.015068318547711833,0.9849316814522806,0.0
91,18420uniboc,carib,0.014414349491076327,0.9855856505089039,0.0
92,18421pueboc,carib,0.015869973120316294,0.9841300268796624,0.0
93,18421pueboc,carib,0.013707935349896547,0.9862920646500782,0.0
94,18422pueboc,carib,0.014311302194049275,0.9856886978059008,0.0
95,18422pueboc,carib,0.015145691251678963,0.9848543087482786,0.0
96,18424nigboc,carib,0.011031756125760874,0.9889682438742043,0.0
97,18424nigboc,carib,0.010845101055388476,0.9891548989445987,0.0
98,18426pueboc,carib,0.01307484599141874,0.9869251540085603,0.0
99,18426pueboc,carib,0.014670652131874845,0.9853293478680887,0.0
100,18427pueboc,carib,0.012823847792710017,0.9871761522072524,0.0
101,18427pueboc,carib,0.01452163317700098,0.985478366822987,0.0
102,18428nigboc,carib,0.010892838556135903,0.9891071614438447,0.0
103,18428nigboc,carib,0.012264421229164386,0.9877355787708205,0.0
104,18429pueboc,carib,0.014120105477244545,0.985879894522717,0.0
105,18429pueboc,carib,0.015726768127797452,0.9842732318721742,0.0
106,18430pueboc,carib,0.015856157083640455,0.9841438429163301,0.0
107,18430pueboc,carib,0.016218657853433797,0.9837813421465252,0.0
108,18432pueboc,carib,0.013300218761745955,0.9866997812382206,0.0
109,18432pueboc,carib,0.012790502214542124,0.9872094977854281,0.0
110,18434pueboc,carib,0.014535923681538889,0.985464076318427,0.0
111,18434pueboc,carib,0.013026142399861112,0.9869738576001195,0.0
112,18435uniboc,carib,0.014685866422048499,0.9853141335779318,0.0
113,18435uniboc,carib,0.013954714523277931,0.9860452854767003,0.0
114,18439uniboc,carib,0.01597843239948145,0.9840215676004914,0.0
115,18439uniboc,carib,0.014164978041500012,0.985835021958478,0.0
116,18440uniboc,carib,0.016641863344914645,0.9833581366550529,0.0
117,18440uniboc,carib,0.015858624364486294,0.9841413756355056,0.0
118,18441uniboc,carib,0.01368940796803116,0.9863105920319598,0.0
119,18441uniboc,carib,0.016215708079106127,0.983784291920878,0.0
120,18442uniboc,carib,0.012431765396028648,0.9875682346039676,0.0
121,18442uniboc,carib,0.014747022491304128,0.9852529775086506,0.0
122,18445uniboc,carib,0.016325077620380563,0.9836749223796017,0.0
123,18445uniboc,carib,0.015388061097446577,0.9846119389025316,0.0
124,18446uniboc,carib,0.016022865612923293,0.9839771343870385,0.0
125,18446uniboc,carib,0.016941106125577428,0.9830588938744037,0.0
126,18447uniboc,carib,0.015285169586081677,0.9847148304138913,0.0
127,18447uniboc,carib,0.013913630887490824,0.9860863691124836,0.0
128,18448uniboc,carib,0.01546493304799993,0.9845350669519976,0.0
129,18448uniboc,carib,0.013238054706890684,0.9867619452930846,0.0
130,18449gumboc,carib,0.009707887537651592,0.9902921124623407,0.0
131,18449gumboc,carib,0.009898830194830692,0.9901011698051478,0.0
132,18450uniboc,carib,0.014776870118427855,0.9852231298815625,0.0
133,18450uniboc,carib,0.014993515415233619,0.9850064845847545,0.0
134,18452abeboc,carib,0.016994435246605218,0.9830055647533835,0.0
135,18452abeboc,carib,0.016223567846156636,0.9837764321538006,0.0
136,18454uniboc,carib,0.0140315059546569,0.9859684940453187,0.0
137,18454uniboc,carib,0.015500073193315388,0.9844999268066525,0.0
138,18471abeboc,carib,0.014737374567245637,0.9852626254327314,0.0
139,18471abeboc,carib,0.014152058122806569,0.9858479418771586,0.0
140,18492abebel,carib,0.015106232992854154,0.9848937670071382,0.0
141,18492abebel,carib,0.014932399792562263,0.985067600207397,0.0
142,18493abebel,carib,0.01573013058053706,0.9842698694194276,0.0
143,18493abebel,carib,0.015000984653933812,0.9849990153460279,0.0
144,18901nigboc,carib,0.011403470763495873,0.9885965292364751,0.0
145,18901nigboc,carib,0.011826422887462416,0.9881735771125066,0.0
146,18902nigboc,carib,0.011892524707450074,0.9881074752925152,0.0
147,18902nigboc,carib,0.010896787158901917,0.989103212841085,0.0
148,18903nigboc,carib,0.012528128509532388,0.9874718714904427,0.0
149,18903nigboc,carib,0.010875674862646359,0.989124325137339,0.0
150,18904nigboc,carib,0.010754296013266006,0.9892457039867215,0.0
151,18904nigboc,carib,0.011219772036410907,0.9887802279635615,0.0
152,18905nigboc,carib,0.010472751973941475,0.9895272480260445,0.0
153,18905nigboc,carib,0.010623837278295033,0.9893761627216883,0.0
154,18906nigboc,carib,0.011950039090161096,0.9880499609098152,0.0
155,18906nigboc,carib,0.0125112065647094,0.9874887934352783,0.0
156,18907nigboc,carib,0.011684833203631322,0.9883151667963435,0.0
157,18907nigboc,carib,0.011400960195923963,0.9885990398040596,0.0
158,18909nigboc,carib,0.011577987596008772,0.9884220124039725,0.0
159,18909nigboc,carib,0.013723837905646357,0.9862761620943258,0.0
160,18912pueboc,carib,0.016021214326604194,0.9839787856733442,0.0
161,18912pueboc,carib,0.01575612646680593,0.9842438735331696,0.0
162,18915pueboc,carib,0.014339504957585736,0.9856604950423872,0.0
163,18915pueboc,carib,0.014133444222623295,0.98586655577735,0.0
164,18917pueboc,carib,0.015814745674218735,0.9841852543257641,0.0
165,18917pueboc,carib,0.014382428984737409,0.9856175710152419,0.0
166,18935affboc,carib,0.013256841561621276,0.9867431584383661,0.0
167,18935affboc,carib,0.011939583044927891,0.9880604169550198,0.0
168,18936affboc,carib,0.013378762157575474,0.9866212378424017,0.0
169,18936affboc,carib,0.01244370547209154,0.9875562945278871,0.0
170,18949abegun,carib,0.013681248551920022,0.9863187514480771,0.0
171,18949abegun,carib,0.01265204826395722,0.9873479517360296,0.0
172,18986affboc,carib,0.0099370073432412,0.9900629926567606,0.0
173,18986affboc,carib,0.012043010818125748,0.9879569891818712,0.0
174,19076gutbar,carib,0.011857754068451286,0.9881422459315481,0.0
175,19076gutbar,carib,0.012218261341693824,0.9877817386582719,0.0
176,19077tanbar,carib,0.01074005305231827,0.9892599469476746,0.0
177,19077tanbar,carib,0.011483364997884592,0.9885166350020995,0.0
178,19079tanbar,carib,0.011561656391925452,0.988438343608061,0.0
179,19079tanbar,carib,0.010283623060095226,0.9897163769398974,0.0
180,19080gutbar,carib,0.01350698366853823,0.9864930163314425,0.0
181,19080gutbar,carib,0.01412105631479985,0.9858789436851476,0.0
182,19104puegun,carib,0.0161762186852517,0.9838237813147184,0.0
183,19104puegun,carib,0.014586533204996484,0.9854134667949875,0.0
184,19105niggun,carib,0.013967592318600437,0.986032407681381,0.0
185,19105niggun,carib,0.013106277276449325,0.9868937227235254,0.0
186,19106puegun,carib,0.0160352028775867,0.9839647971223981,0.0
187,19106puegun,carib,0.015801591271560125,0.9841984087284091,0.0
188,19108puegun,carib,0.015018606949047143,0.9849813930509173,0.0
189,19108puegun,carib,0.013902656970954316,0.9860973430290348,0.0
190,19124indgun,carib,0.009155590078567968,0.9908444099214191,0.0
191,19124indgun,carib,0.009021468504436263,0.9909785314955368,0.0
192,19131niggun,carib,0.014312482206605833,0.9856875177933521,0.0
193,19131niggun,carib,0.014701224097576007,0.9852987759023775,0.0
194,19150niggun,carib,0.013658332372858769,0.9863416676271197,0.0
195,19150niggun,carib,0.015283142174070006,0.9847168578259142,0.0
196,19162indgun,carib,0.008360622625771684,0.9916393773742109,0.0
197,19162indgun,carib,0.008518496650517467,0.991481503349457,0.0
198,19174affgun,carib,0.011352446463635995,0.988647553536332,0.0
199,19174affgun,carib,0.011465845513232261,0.988534154486743,0.0
200,19190indgun,carib,0.0075501790706254,0.9924498209293614,0.0
201,19190indgun,carib,0.006659659950701815,0.9933403400492979,0.0
202,19235gutgun,carib,0.013763169660612772,0.986236830339364,0.0
203,19235gutgun,carib,0.013574389016589205,0.9864256109833865,0.0
204,19294tangun,carib,0.01134356564397227,0.9886564343560243,0.0
205,19294tangun,carib,0.01210182549071682,0.9878981745092751,0.0
206,19416chlbar,carib,0.018030886550615074,0.9819691134493695,0.0
207,19416chlbar,carib,0.01690925040302567,0.9830907495969382,0.0
208,19425chlbar,carib,0.014992901655636534,0.9850070983443103,0.0
209,19425chlbar,carib,0.01601771528446835,0.9839822847155257,0.0
210,19426puebar,carib,0.017277973875479104,0.982722026124462,0.0
211,19426puebar,carib,0.015197836692371808,0.9848021633076008,0.0
212,19427puebar,carib,0.01618720168343859,0.9838127983165148,0.0
213,19427puebar,carib,0.017736257071600748,0.982263742928351,0.0
214,19428puebar,carib,0.01672467423846423,0.983275325761509,0.0
215,19428puebar,carib,0.0202102172738838,0.9797897827261183,0.0
216,19435chlbar,carib,0.01614376569918563,0.9838562343007984,0.0
217,19435chlbar,carib,0.014969989806758899,0.9850300101932202,0.0
218,19437tanbar,carib,0.013795519992714307,0.9862044800072899,0.0
219,19437tanbar,carib,0.01215597982174654,0.9878440201782306,0.0
220,19519affgun,carib,0.014473205627302518,0.9855267943726719,0.0
221,19519affgun,carib,0.015488767863959228,0.9845112321360053,0.0
222,19546abegun,carib,0.013551884365663083,0.9864481156343212,0.0
223,19546abegun,carib,0.014921673728088758,0.9850783262718895,0.0
224,19708abegun,carib,0.01823964793535787,0.9817603520646133,0.0
225,19708abegun,carib,0.01503535041792377,0.9849646495820386,0.0
226,19881unibel,carib,0.01501593019052011,0.9849840698094507,0.0
227,19881unibel,carib,0.017166686202978013,0.9828333137970047,0.0
228,20068gutbel,carib,0.013220513063914086,0.9867794869360249,0.0
229,20068gutbel,carib,0.013518629228295267,0.9864813707716842,0.0
230,20069gutbel,carib,0.01275889219234493,0.9872411078076209,0.0
231,20069gutbel,carib,0.013527843980639935,0.9864721560193392,0.0
232,20092unibel,carib,0.015718905274819537,0.9842810947251467,0.0
233,20092unibel,carib,0.017813044886283116,0.9821869551136787,0.0
234,20120unibel,carib,0.015333421072793963,0.9846665789271889,0.0
235,20120unibel,carib,0.015876393586076128,0.9841236064138852,0.0
236,20126unibel,carib,0.015578069502548919,0.9844219304974101,0.0
237,20126unibel,carib,0.0174990268056063,0.9825009731943487,0.0
238,20128unibel,carib,0.01667033742345139,0.9833296625765348,0.0
239,20128unibel,carib,0.0188089324536653,0.9811910675463017,0.0
240,20135unibel,carib,0.015420118897019202,0.9845798811029587,0.0
241,20135unibel,carib,0.016041278247782904,0.983958721752193,0.0
242,20149unibel,carib,0.016861218293366304,0.9831387817066316,0.0
243,20149unibel,carib,0.016872088088896283,0.9831279119110662,0.0
244,20418gumhon,carib,0.008509649909909314,0.9914903500900955,0.0
245,20418gumhon,carib,0.010401664824557186,0.9895983351754352,0.0
246,20419gumhon,carib,0.011397838291638806,0.9886021617083346,0.0
247,20419gumhon,carib,0.009804831929836265,0.9901951680701615,0.0
248,20420gumhon,carib,0.010505889276262788,0.9894941107237066,0.0
249,20420gumhon,carib,0.009577959527652,0.9904220404723237,0.0
250,20421ranhon,carib,0.016465929427649927,0.9835340705723238,0.0
251,20421ranhon,carib,0.014230204579030332,0.98576979542094,0.0
252,20425abehon,carib,0.01747467421899652,0.982525325780981,0.0
253,20425abehon,carib,0.015105496780537698,0.984894503219438,0.0
254,20426gumhon,carib,0.009006950008893571,0.9909930499910885,0.0
255,20426gumhon,carib,0.00796463019645857,0.9920353698035398,0.0
256,20427gumhon,carib,0.008090470876980775,0.9919095291230118,0.0
257,20427gumhon,carib,0.008127211835772702,0.9918727881642262,0.0
258,20428gumhon,carib,0.010935367773528626,0.9890646322264579,0.0
259,20428gumhon,carib,0.009951456930798568,0.9900485430691728,0.0
260,20429ranhon,carib,0.014518841308019045,0.9854811586919465,0.0
261,20429ranhon,carib,0.014044448373715167,0.9859555516262608,0.0
262,20430ranhon,carib,0.015282064866417444,0.9847179351335725,0.0
263,20430ranhon,carib,0.013817804526638557,0.9861821954733363,0.0
264,20433abehon,carib,0.014206951285192658,0.985793048714787,0.0
265,20433abehon,carib,0.015136994797292037,0.9848630052027019,0.0
266,20435chlhon,carib,0.015015097280650194,0.984984902719329,0.0
267,20435chlhon,carib,0.014355440874268297,0.9856445591257222,0.0
268,20551puehon,carib,0.01744226864101131,0.9825577313589725,0.0
269,20551puehon,carib,0.016316029274324042,0.9836839707256518,0.0
270,20552puehon,carib,0.014789255193117828,0.9852107448068682,0.0
271,20552puehon,carib,0.015351257587879795,0.9846487424120933,0.0
272,20553puehon,carib,0.01670382698910723,0.9832961730108709,0.0
273,20553puehon,carib,0.014804711514460901,0.9851952884855156,0.0
274,20554puehon,carib,0.014586845611597078,0.9854131543883625,0.0
275,20554puehon,carib,0.021528105754203396,0.9784718942457931,0.0
276,20555puehon,carib,0.016056476126765494,0.9839435238732118,0.0
277,20555puehon,carib,0.015821443237067905,0.9841785567629124,0.0
278,20556puehon,carib,0.015325487690932402,0.9846745123090574,0.0
279,20556puehon,carib,0.014555559734960677,0.9854444402650178,0.0
280,20558puehon,carib,0.01737776828670631,0.9826222317132781,0.0
281,20558puehon,carib,0.01690927989259193,0.9830907201073815,0.0
282,20559puehon,carib,0.015342338104023608,0.9846576618959233,0.0
283,20559puehon,carib,0.016750492940010905,0.9832495070599712,0.0
284,20560unihon,carib,0.017122271449245698,0.9828777285507309,0.0
285,20560unihon,carib,0.01830511898855021,0.9816948810114086,0.0
286,20561unihon,carib,0.021043430670980714,0.978956569329009,0.0
287,20561unihon,carib,0.017782086064369807,0.9822179139356043,0.0
288,20562unihon,carib,0.01608644541981337,0.9839135545801477,0.0
289,20562unihon,carib,0.017118670973837354,0.9828813290261491,0.0
290,20563unihon,carib,0.016521904617333882,0.983478095382667,0.0
291,20563unihon,carib,0.01669718975203467,0.9833028102479244,0.0
292,20564unihon,carib,0.016022550129753215,0.9839774498702379,0.0
293,20564unihon,carib,0.017974898800974748,0.9820251011989665,0.0
294,20565unihon,carib,0.017378628741649138,0.9826213712583257,0.0
295,20565unihon,carib,0.015719984956586837,0.9842800150433915,0.0
296,20566unihon,carib,0.01643975056611885,0.9835602494338553,0.0
297,20566unihon,carib,0.017094170280450804,0.9829058297195191,0.0
298,20567unihon,carib,0.017486053653579733,0.9825139463463881,0.0
299,20567unihon,carib,0.01541746407565878,0.9845825359243159,0.0
300,20568unihon,carib,0.01693537040604266,0.9830646295939424,0.0
301,20568unihon,carib,0.016145220571142514,0.9838547794288183,0.0
302,20571unihon,carib,0.01694984184208226,0.9830501581578891,0.0
303,20571unihon,carib,0.016283880953663326,0.983716119046329,0.0
304,20572unihon,carib,0.01965925560739968,0.9803407443925769,0.0
305,20572unihon,carib,0.014364047368188653,0.9856359526317944,0.0
306,20599nighon,carib,0.016081389201820194,0.9839186107981303,0.0
307,20599nighon,carib,0.015392163329516652,0.9846078366704561,0.0
308,20600nighon,carib,0.014825269572767318,0.9851747304271883,0.0
309,20600nighon,carib,0.015333048438256358,0.9846669515617013,0.0
310,20601nighon,carib,0.016590931462933858,0.9834090685370378,0.0
311,20601nighon,carib,0.015831524305330795,0.9841684756946573,0.0
312,20602nighon,carib,0.01594617563054021,0.9840538243694267,0.0
313,20602nighon,carib,0.015664237017651624,0.9843357629823214,0.0
314,20603nighon,carib,0.016345845024906214,0.9836541549750588,0.0
315,20603nighon,carib,0.017060740675442738,0.9829392593245299,0.0
316,20604nighon,carib,0.01726440190868509,0.982735598091269,0.0
317,20604nighon,carib,0.01679326266623896,0.9832067373337323,0.0
318,20605nighon,carib,0.015620679612384721,0.9843793203875879,0.0
319,20605nighon,carib,0.01601926768196938,0.9839807323179969,0.0
320,20606nighon,carib,0.015186927558154952,0.9848130724418185,0.0
321,20606nighon,carib,0.016146794047133504,0.9838532059528531,0.0
322,20607nighon,carib,0.014768164177329483,0.9852318358226442,0.0
323,20607nighon,carib,0.014737949868462491,0.9852620501315305,0.0
324,20608nighon,carib,0.015420621262049038,0.984579378737943,0.0
325,20608nighon,carib,0.015359042995256339,0.9846409570047259,0.0
326,20609nighon,carib,0.015357204499099466,0.9846427955008852,0.0
327,20609nighon,carib,0.014743952950763133,0.9852560470492213,0.0
328,20610nighon,carib,0.016341252060961875,0.9836587479390138,0.0
329,20610nighon,carib,0.015206442383301825,0.9847935576166644,0.0
330,20613ranhon,carib,0.01345506478079698,0.986544935219171,0.0
331,20613ranhon,carib,0.013445047639629299,0.9865549523603466,0.0
332,20615gumhon,carib,0.010681460178584276,0.9893185398213814,0.0
333,20615gumhon,carib,0.010950228469601727,0.9890497715303889,0.0
334,20617gumhon,carib,0.010360791140668069,0.989639208859303,0.0
335,20617gumhon,carib,0.00807835588536091,0.9919216441146224,0.0
336,20625puehon,carib,0.01623338175711481,0.9837666182428669,0.0
337,20625puehon,carib,0.01815808803419266,0.9818419119657946,0.0
338,20633puehon,carib,0.016567802670579574,0.9834321973293811,0.0
339,20633puehon,carib,0.014794970158698576,0.9852050298412717,0.0
340,20635puehon,carib,0.016015246675843194,0.983984753324121,0.0
341,20635puehon,carib,0.01813072949966507,0.9818692705003229,0.0
342,20638puehon,carib,0.01763087947395944,0.9823691205260101,0.0
343,20638puehon,carib,0.017070599406689858,0.9829294005932958,0.0
344,20641gumhon,carib,0.00988147579269539,0.9901185242072923,0.0
345,20641gumhon,carib,0.009048648267192306,0.9909513517327901,0.0
346,20642gumhon,carib,0.008797912380128902,0.9912020876198571,0.0
347,20642gumhon,carib,0.010240993791674835,0.9897590062083188,0.0
348,20643gumhon,carib,0.009935846594516268,0.9900641534054793,0.0
349,20643gumhon,carib,0.010524850459670871,0.9894751495403055,0.0
350,20644abehon,carib,0.015712489851590752,0.9842875101483902,0.0
351,20644abehon,carib,0.016099712028649748,0.9839002879713415,0.0
352,20650prohon,carib,0.013282793181398536,0.9867172068185904,0.0
353,20650prohon,carib,0.011758956213899089,0.9882410437860897,0.0
354,20696ranhon,carib,0.014147534998981498,0.9858524650010042,0.0
355,20696ranhon,carib,0.012309978705921433,0.9876900212940753,0.0
356,20751guthon,carib,0.013672601220380835,0.9863273987795841,0.0
357,20751guthon,carib,0.013722343467681967,0.9862776565322925,0.0
358,20757indhon,carib,0.008139725391471266,0.9918602746085265,0.0
359,20757indhon,carib,0.0072400059994789595,0.9927599940005079,0.0
360,20759abehon,carib,0.014383165254523692,0.9856168347454707,0.0
361,20759abehon,carib,0.014123835905220618,0.985876164094764,0.0
362,20761abehon,carib,0.01516749836798983,0.9848325016319908,0.0
363,20761abehon,carib,0.01748574829876195,0.9825142517012133,0.0
364,20762abehon,carib,0.014796119482641338,0.9852038805173506,0.0
365,20762abehon,carib,0.013993619429427355,0.9860063805705427,0.0
366,20845prohon,carib,0.013851644267907918,0.9861483557320608,0.0
367,20845prohon,carib,0.013426026179543046,0.986573973820439,0.0
368,20846prohon,carib,0.013469693257612266,0.9865303067423785,0.0
369,20846prohon,carib,0.011859565742098933,0.9881404342578745,0.0
370,20861abehon,carib,0.013804347809558698,0.9861956521904088,0.0
371,20861abehon,carib,0.015891268987613533,0.9841087310123793,0.0
372,20862abehon,carib,0.015256858909281567,0.9847431410907046,0.0
373,20862abehon,carib,0.015306922553372865,0.984693077446589,0.0
374,20864abehon,carib,0.017236674444729434,0.9827633255552621,0.0
375,20864abehon,carib,0.014246604670089457,0.9857533953298914,0.0
376,20866abehon,carib,0.015006652939923358,0.984993347060039,0.0
377,20866abehon,carib,0.014823177344086232,0.9851768226559099,0.0
378,20867abehon,carib,0.01622610061082539,0.9837738993891457,0.0
379,20867abehon,carib,0.015611515986642704,0.9843884840133265,0.0
380,20892ranhon,carib,0.015514640970958456,0.9844853590290007,0.0
381,20892ranhon,carib,0.013789262388415225,0.9862107376115528,0.0
382,20893ranhon,carib,0.016460383485314214,0.9835396165146528,0.0
383,20893ranhon,carib,0.016756558735889684,0.9832434412640808,0.0
384,20894ranhon,carib,0.014077305255954978,0.9859226947440423,0.0
385,20894ranhon,carib,0.015797045780731562,0.9842029542192436,0.0
386,20896ranhon,carib,0.014160700339909292,0.9858392996600864,0.0
387,20896ranhon,carib,0.016554779727057736,0.9834452202729259,0.0
388,20922ranhon,carib,0.014108961136486272,0.985891038863509,0.0
389,20922ranhon,carib,0.015065958356341974,0.9849340416436324,0.0
390,20923ranhon,carib,0.014163053812768259,0.9858369461871935,0.0
391,20923ranhon,carib,0.014352909835400817,0.985647090164586,0.0
392,20980ranhon,carib,0.015053101141354042,0.9849468988586115,0.0
393,20980ranhon,carib,0.013914337866075975,0.986085662133892,0.0
394,23301gumboc,carib,0.00899200072333909,0.9910079992766414,0.0
395,23301gumboc,carib,0.010515510553851007,0.9894844894461203,0.0
396,23318gutboc,carib,0.014410268484544554,0.9855897315154347,0.0
397,23318gutboc,carib,0.012990417933194037,0.9870095820667899,0.0
398,23322affboc,carib,0.011964525545222772,0.9880354744547591,0.0
399,23322affboc,carib,0.014335524924615931,0.9856644750753626,0.0
400,27698gutqui,carib,0.014870428912375826,0.9851295710875898,0.0
401,27698gutqui,carib,0.014034161156696107,0.9859658388432975,0.0
402,27707uniqui,carib,0.016666889991660265,0.9833331100083238,0.0
403,27707uniqui,carib,0.016840437530414205,0.9831595624695354,0.0
404,27709uniqui,carib,0.016518498746527843,0.9834815012534646,0.0
405,27709uniqui,carib,0.01634061881711719,0.9836593811828676,0.0
406,27936flotam,gulf,0.7362033397229725,0.2637966602770438,0.0
407,27936flotam,gulf,0.7380399104977711,0.2619600895022339,0.0
408,28366gumboc,carib,0.010001546758646444,0.9899984532413241,0.0
409,28366gumboc,carib,0.010086249319253698,0.9899137506807335,0.0
410,28389abeboc,carib,0.014288878268941865,0.9857111217310356,0.0
411,28389abeboc,carib,0.014949405031238183,0.9850505949687373,0.0
412,28713puequi,carib,0.014884951906450861,0.9851150480935108,0.0
413,28713puequi,carib,0.01639772686712334,0.9836022731328471,0.0
414,28939puequi,carib,0.013041750123585452,0.9869582498763931,0.0
415,28939puequi,carib,0.014831000688005023,0.9851689993119807,0.0
416,29137nigqui,carib,0.01574727872761468,0.9842527212723623,0.0
417,29137nigqui,carib,0.015211204141973248,0.9847887958580214,0.0
418,29212indqui,carib,0.009818217680044974,0.9901817823199247,0.0
419,29212indqui,carib,0.008756636014719592,0.9912433639852699,0.0
420,29213indqui,carib,0.007752990848402149,0.9922470091515815,0.0
421,29213indqui,carib,0.008806229733940355,0.9911937702660398,0.0
422,30001nigqui,carib,0.014903073707041026,0.9850969262929394,0.0
423,30001nigqui,carib,0.01470083481480252,0.9852991651851721,0.0
424,33023nigqui,carib,0.01448636876827204,0.985513631231716,0.0
425,33023nigqui,carib,0.013954784978193172,0.9860452150217737,0.0
426,52988atltam,gulf,0.737377197891161,0.2626228021088454,0.0
427,52988atltam,gulf,0.7370737815825874,0.262926218417421,0.0
428,52989nigtam,gulf,0.7375253419590797,0.26247465804092157,0.0
429,52989nigtam,gulf,0.7368512685736865,0.2631487314263268,0.0
430,52990atltam,gulf,0.7382048124379688,0.2617951875620415,0.0
431,52990atltam,gulf,0.7306974331256768,0.2693025668743395,0.0
432,54649casliz,carib,0.13861547909136168,0.861384520908611,0.0
433,54649casliz,carib,0.1490868072470149,0.850913192752951,0.0
434,54650casliz,carib,0.09581620606440681,0.904183793935579,0.0
435,54650casliz,carib,0.08039173787100337,0.9196082621289583,0.0
436,54689atlliz,gulf,0.4820237585243588,0.5179762414756252,0.0
437,54689atlliz,gulf,0.48036162851452974,0.5196383714854537,0.0
438,54761nigliz,gulf,0.5788236743192313,0.42117632568076124,0.0
439,54761nigliz,gulf,0.5832397767228704,0.41676022327713663,0.0
440,54786atlliz,gulf,0.6997203784873313,0.3002796215126885,0.0
441,54786atlliz,gulf,0.7091094033319969,0.2908905966680113,0.0
442,54849atlliz,gulf,0.7431646958674659,0.2568353041325331,0.0
443,54849atlliz,gulf,0.7491573036134812,0.2508426963865484,0.0
444,62263pueala,carib,0.031274383654486045,0.9687256163455056,0.0
445,62263pueala,carib,0.030674588136963606,0.969325411863032,0.0
446,62264pueala,carib,0.03650292841598316,0.9634970715839929,0.0
447,62264pueala,carib,0.036087534972873876,0.9639124650271148,0.0
448,62515gemarc,carib,0.04262739374644259,0.9573726062535435,0.0
449,62515gemarc,carib,0.0415995079156036,0.9584004920843556,0.0
450,62549ecoarc,gulf,0.43676045852744627,0.5632395414725196,0.0
451,62549ecoarc,gulf,0.4442454597058189,0.5557545402941467,0.0
452,62550abearc,carib,0.052296138866452506,0.9477038611335307,0.0
453,62550abearc,carib,0.051208502384449524,0.9487914976155134,0.0
454,62551abearc,carib,0.04357179434620647,0.9564282056537795,0.0
455,62551abearc,carib,0.04830937419858651,0.9516906258013758,0.0
456,62552abearc,carib,0.04479570319845313,0.9552042968014899,0.0
457,62552abearc,carib,0.04972320181557369,0.9502767981843722,0.0
458,62553gemarc,carib,0.02567097263176192,0.9743290273682057,0.0
459,62553gemarc,carib,0.026782645895698502,0.9732173541042937,0.0
460,62555uniarc,carib,0.018281022398107215,0.9817189776018417,0.0
461,62555uniarc,carib,0.01893461977370434,0.9810653802262532,0.0
462,62556ecoarc,gulf,0.39845721632890235,0.6015427836710573,0.0
463,62556ecoarc,gulf,0.3929309297250314,0.6070690702749344,0.0
464,62558floarc,gulf,0.4122113860171277,0.5877886139828472,0.0
465,62558floarc,gulf,0.40404071055666085,0.5959592894433243,0.0
466,62559floarc,gulf,0.23364293822225785,0.7663570617777331,0.0
467,62559floarc,gulf,0.23760885121954184,0.7623911487804368,0.0
468,62560floarc,gulf,0.3974915406675466,0.60250845933243,0.0
469,62560floarc,gulf,0.40665272689869053,0.5933472731012924,0.0
470,62562ranarc,carib,0.029433454131263186,0.9705665458686984,0.0
471,62562ranarc,carib,0.028347877667370583,0.9716521223326062,0.0
472,62570gemarc,carib,0.030331028855191743,0.9696689711447734,0.0
473,62570gemarc,carib,0.027811141627541565,0.9721888583724176,0.0
474,62571uniarc,carib,0.019677192741173476,0.9803228072588058,0.0
475,62571uniarc,carib,0.019818504304397775,0.9801814956955606,0.0
476,62575ranarc,carib,0.026961832251903926,0.9730381677480913,0.0
477,62575ranarc,carib,0.026321144417385332,0.973678855582592,0.0
478,62576ecoarc,gulf,0.4062416558986373,0.5937583441013173,0.0
479,62576ecoarc,gulf,0.40513615903461103,0.5948638409653471,0.0
480,62577puearc,carib,0.09429756770522611,0.905702432294694,0.0
481,62577puearc,carib,0.1026798162971435,0.8973201837028512,0.0
482,62585uniarc,carib,0.017103577465847297,0.9828964225341179,0.0
483,62585uniarc,carib,0.01760566753266288,0.9823943324672827,0.0
484,62948puearc,carib,0.06779587516753967,0.9322041248324421,0.0
485,62948puearc,carib,0.06917252266162095,0.9308274773383318,0.0
486,62953puearc,carib,0.06700961295880681,0.9329903870411812,0.0
487,62953puearc,carib,0.07330930908621784,0.926690690913755,0.0
488,FL0318indpri,carib,0.005719292619277414,0.9942807073807153,0.0
489,FL0318indpri,carib,0.006343977568488715,0.9936560224314954,0.0
490,FL0324tanpri,carib,0.013006279702860998,0.9869937202970986,0.0
491,FL0324tanpri,carib,0.014867813910294287,0.9851321860896773,0.0
492,FL0331chlpri,carib,0.01577840770308739,0.9842215922968658,0.0
493,FL0331chlpri,carib,0.016109202281465486,0.983890797718495,0.0
494,FL0835prosan,carib,0.012459165207189387,0.9875408347927798,0.0
495,FL0835prosan,carib,0.014978349650402385,0.9850216503495787,0.0
496,FL0836gutsan,carib,0.01370493113124928,0.9862950688687182,0.0
497,FL0836gutsan,carib,0.01367460879175371,0.9863253912082092,0.0
498,FL0839abesan,carib,0.015244995342030252,0.984755004657944,0.0
499,FL0839abesan,carib,0.014810155672210211,0.9851898443277541,0.0
500,FL0880ransan,carib,0.013524664266783015,0.9864753357331968,0.0
501,FL0880ransan,carib,0.014726863080828689,0.9852731369191652,0.0
502,HypoHaiti1libhai,carib,0.0166990977539652,0.9833009022460154,0.0
503,HypoHaiti1libhai,carib,0.01644553905231766,0.9835544609476315,0.0
504,HypoHaiti2libhai,carib,0.015615768355411059,0.9843842316445712,0.0
505,HypoHaiti2libhai,carib,0.016132528240824905,0.9838674717591459,0.0
506,HypoHaiti3libhai,carib,0.016585401136442537,0.9834145988635219,0.0
507,HypoHaiti3libhai,carib,0.015936747998087065,0.9840632520018741,0.0
508,PL17_101maybel,carib,0.011633743253244141,0.9883662567467432,0.0
509,PL17_101maybel,carib,0.011578706245246179,0.988421293754737,0.0
510,PL17_111indbel,carib,0.03462804642508667,0.9653719535748515,0.0
511,PL17_111indbel,carib,0.03529385251192213,0.9647061474879802,0.0
512,PL17_119maybel,carib,0.016381442175169576,0.9836185578247948,0.0
513,PL17_119maybel,carib,0.017208396855613563,0.9827916031443759,0.0
514,PL17_120maybel,carib,0.010422364114612353,0.9895776358853801,0.0
515,PL17_120maybel,carib,0.012948066801040489,0.9870519331989512,0.0
516,PL17_121maybel,carib,0.010538083857653655,0.9894619161423295,0.0
517,PL17_121maybel,carib,0.01027168374618925,0.9897283162537864,0.0
518,PL17_122maybel,carib,0.011418198987456843,0.9885818010125431,0.0
519,PL17_122maybel,carib,0.012380625829756166,0.9876193741702242,0.0
520,PL17_123maybel,carib,0.010425123288460176,0.9895748767115313,0.0
521,PL17_123maybel,carib,0.010045792194743197,0.9899542078052378,0.0
522,PL17_124maybel,carib,0.013887019713737816,0.9861129802862547,0.0
523,PL17_124maybel,carib,0.009090897805211148,0.9909091021947751,0.0
524,PL17_125ranbel,carib,0.01805759696461781,0.9819424030353626,0.0
525,PL17_125ranbel,carib,0.01363333687782512,0.9863666631221367,0.0
526,PL17_126maybel,carib,0.010014886063788373,0.9899851139361936,0.0
527,PL17_126maybel,carib,0.009833735176753983,0.9901662648232057,0.0
528,PL17_134uniflk,carib,0.05557203823938315,0.9444279617605732,0.0
529,PL17_134uniflk,carib,0.05037043912246948,0.9496295608775067,0.0
530,PL17_135uniflk,carib,0.04108013993561656,0.9589198600643505,0.0
531,PL17_135uniflk,carib,0.048196378584191985,0.9518036214157797,0.0
532,PL17_136uniflk,carib,0.062220274778537574,0.9377797252214191,0.0
533,PL17_136uniflk,carib,0.0689653377457628,0.9310346622541932,0.0
534,PL17_137uniflk,carib,0.046285273886323766,0.9537147261136666,0.0
535,PL17_137uniflk,carib,0.046017825612979284,0.9539821743869823,0.0
536,PL17_138uniflk,carib,0.054999014548993364,0.9450009854509701,0.0
537,PL17_138uniflk,carib,0.05871687493545153,0.9412831250645394,0.0
538,PL17_139pueflk,carib,0.08213061150388391,0.9178693884961128,0.0
539,PL17_139pueflk,carib,0.0735604646153691,0.9264395353846009,0.0
540,PL17_140uniflk,carib,0.04808407400018844,0.9519159259997941,0.0
541,PL17_140uniflk,carib,0.05142458404148681,0.9485754159584703,0.0
542,PL17_141uniflk,carib,0.09635089972867766,0.9036491002712972,0.0
543,PL17_141uniflk,carib,0.09249815732147952,0.9075018426784791,0.0
544,PL17_142gemflk,carib,0.031339182996437995,0.9686608170035297,0.0
545,PL17_142gemflk,carib,0.034700620023049196,0.9652993799769097,0.0
546,PL17_143uniflk,carib,0.04363122435218971,0.9563687756477919,0.0
547,PL17_143uniflk,carib,0.04941089797421008,0.9505891020257473,0.0
548,PL17_144gemflk,carib,0.028013444723463062,0.9719865552765191,0.0
549,PL17_144gemflk,carib,0.0254993136065147,0.9745006863934498,0.0
550,PL17_145gemflk,carib,0.07948149494172144,0.9205185050582262,0.0
551,PL17_145gemflk,carib,0.09129059654702056,0.9087094034529593,0.0
552,PL17_148gemflk,carib,0.026499985765109448,0.9735000142348597,0.0
553,PL17_148gemflk,carib,0.026733518154575857,0.9732664818453906,0.0
554,PL17_149nigflk,carib,0.016351504923970663,0.9836484950760023,0.0
555,PL17_149nigflk,carib,0.014267774948877723,0.9857322250511101,0.0
556,PL17_153gemflk,carib,0.031458997634226576,0.968541002365762,0.0
557,PL17_153gemflk,carib,0.03359135034329625,0.9664086496566786,0.0
558,PL17_155pueflk,carib,0.03318928494630622,0.9668107150536717,0.0
559,PL17_155pueflk,carib,0.03071407324333072,0.9692859267566095,0.0
560,PL17_157pueflk,carib,0.015143800889484034,0.9848561991104728,0.0
561,PL17_157pueflk,carib,0.016912308029062233,0.9830876919709213,0.0
562,PL17_159pueflk,carib,0.046541816685002804,0.9534581833149582,0.0
563,PL17_159pueflk,carib,0.04654492308283592,0.9534550769171105,0.0
564,PL17_160floflk,gulf,0.436031757537034,0.5639682424629406,0.0
565,PL17_160floflk,gulf,0.4428185896670857,0.5571814103328778,0.0
566,PL17_23tanpri,carib,0.015941595595621583,0.9840584044043462,0.0
567,PL17_23tanpri,carib,0.015325421585425018,0.9846745784145294,0.0
568,PL17_35puepri,carib,0.0056714006124530085,0.9943285993875486,0.0
569,PL17_35puepri,carib,0.006635244795528634,0.9933647552044507,0.0
570,PL17_37chlpri,carib,0.01497398642369458,0.9850260135762773,0.0
571,PL17_37chlpri,carib,0.015875202197589252,0.9841247978023678,0.0
572,PL17_38chlpri,carib,0.01735506949362551,0.9826449305063454,0.0
573,PL17_38chlpri,carib,0.015755086867120828,0.9842449131328416,0.0
574,PL17_39chlpri,carib,0.01552459453505199,0.9844754054649419,0.0
575,PL17_39chlpri,carib,0.01525228307928335,0.984747716920677,0.0
576,PL17_40chlpri,carib,0.01577961139007203,0.984220388609922,0.0
577,PL17_40chlpri,carib,0.017113852902800677,0.9828861470972075,0.0
578,PL17_41chlpri,carib,0.017400644435460452,0.9825993555644964,0.0
579,PL17_41chlpri,carib,0.014901260320540349,0.9850987396794353,0.0
580,PL17_42chlpri,carib,0.018127160327244124,0.9818728396727248,0.0
581,PL17_42chlpri,carib,0.016395821762804626,0.9836041782371571,0.0
582,PL17_43chlpri,carib,0.014561864587789538,0.9854381354121977,0.0
583,PL17_43chlpri,carib,0.015661290426198987,0.9843387095737629,0.0
584,PL17_44chlpri,carib,0.017628319866240527,0.9823716801337208,0.0
585,PL17_44chlpri,carib,0.017773643681012148,0.9822263563189628,0.0
586,PL17_50puepri,carib,0.015813596038300577,0.9841864039616893,0.0
587,PL17_50puepri,carib,0.01661995744517797,0.9833800425547957,0.0
588,PL17_53puepri,carib,0.01658494790592798,0.9834150520940453,0.0
589,PL17_53puepri,carib,0.017650528770536158,0.9823494712294487,0.0
590,PL17_54puepri,carib,0.01579463835749839,0.9842053616424706,0.0
591,PL17_54puepri,carib,0.0161551058207145,0.9838448941792695,0.0
592,PL17_55unipri,carib,0.015289710055323242,0.9847102899446433,0.0
593,PL17_55unipri,carib,0.016525149283810894,0.9834748507161664,0.0
594,PL17_56tanpri,carib,0.016709894155701118,0.9832901058442551,0.0
595,PL17_56tanpri,carib,0.016090517353852186,0.9839094826461241,0.0
596,PL17_57puepri,carib,0.015659733614820273,0.9843402663851425,0.0
597,PL17_57puepri,carib,0.01694569658387949,0.983054303416088,0.0
598,PL17_60puepri,carib,0.016158248776000177,0.9838417512239761,0.0
599,PL17_60puepri,carib,0.015935788053694284,0.9840642119462713,0.0
600,PL17_62chlpri,carib,0.0184120279343998,0.9815879720655721,0.0
601,PL17_62chlpri,carib,0.016754435775971986,0.983245564224007,0.0
602,PL17_63unipri,carib,0.01499604946133263,0.9850039505386308,0.0
603,PL17_63unipri,carib,0.015543742044728841,0.9844562579552459,0.0
604,PL17_64indpri,carib,0.005516735208455519,0.9944832647915344,0.0
605,PL17_64indpri,carib,0.0052560047463722625,0.994743995253612,0.0
606,PL17_65puepri,carib,0.01755488924912198,0.9824451107508619,0.0
607,PL17_65puepri,carib,0.01728407659683079,0.9827159234031729,0.0
608,PL17_66unipri,carib,0.015256696733856047,0.9847433032661138,0.0
609,PL17_66unipri,carib,0.013785933766939448,0.9862140662330316,0.0
610,PL17_67unipri,carib,0.014388451278018242,0.9856115487219552,0.0
611,PL17_67unipri,carib,0.01597312747869275,0.9840268725213087,0.0
612,PL17_68gutpri,carib,0.013115285874514833,0.9868847141254775,0.0
613,PL17_68gutpri,carib,0.015831735475057333,0.9841682645249102,0.0
614,PL17_69puepri,carib,0.016642986781073062,0.9833570132189053,0.0
615,PL17_69puepri,carib,0.017836724598534776,0.982163275401449,0.0
616,PL17_70unipri,carib,0.016129604558394413,0.9838703954415866,0.0
617,PL17_70unipri,carib,0.019593059026796526,0.9804069409731754,0.0
618,PL17_71tanpri,carib,0.014651010014692187,0.9853489899852731,0.0
619,PL17_71tanpri,carib,0.014171222127171854,0.9858287778727993,0.0
620,PL17_72tanpri,carib,0.013798413418973718,0.9862015865810049,0.0
621,PL17_72tanpri,carib,0.013354128694693762,0.9866458713052956,0.0
622,PL17_73unipri,carib,0.015505055303484765,0.9844949446965101,0.0
623,PL17_73unipri,carib,0.01478642407625492,0.9852135759237272,0.0
624,PL17_74unipri,carib,0.015963906391394292,0.9840360936085926,0.0
625,PL17_74unipri,carib,0.014641826039835234,0.9853581739601619,0.0
626,PL17_75abepri,carib,0.015576605184474686,0.9844233948155048,0.0
627,PL17_75abepri,carib,0.016574815302385026,0.9834251846975881,0.0
628,PL17_76tanpri,carib,0.014017244639131392,0.9859827553608432,0.0
629,PL17_76tanpri,carib,0.014281807870167735,0.9857181921298062,0.0
630,PL17_77unipri,carib,0.014690518788074432,0.9853094812118938,0.0
631,PL17_77unipri,carib,0.01690119052478846,0.9830988094751957,0.0
632,PL17_79abepri,carib,0.01705156512949463,0.9829484348704685,0.0
633,PL17_79abepri,carib,0.0161934469375521,0.9838065530624408,0.0
634,PL17_82puepri,carib,0.01725070373849045,0.9827492962614918,0.0
635,PL17_82puepri,carib,0.01712555396232544,0.9828744460376436,0.0
636,PL17_85indpri,carib,0.004245662197073188,0.9957543378029199,0.0
637,PL17_85indpri,carib,0.004667465175778034,0.9953325348242154,0.0
638,PL17_86chlpri,carib,0.018539950142542568,0.981460049857446,0.0
639,PL17_86chlpri,carib,0.016299739752441082,0.9837002602475177,0.0
640,PL17_88abebel,carib,0.017464978189630716,0.9825350218103382,0.0
641,PL17_88abebel,carib,0.015034873398281709,0.9849651266016882,0.0
642,PL17_89maybel,carib,0.011571488764125407,0.9884285112358561,0.0
643,PL17_89maybel,carib,0.010887298080537284,0.9891127019194418,0.0
644,PL17_95maybel,carib,0.01133710103737598,0.9886628989626153,0.0
645,PL17_95maybel,carib,0.012767916261467865,0.9872320837385189,0.0
646,PL17_98indbel,carib,0.011191332960425737,0.988808667039529,0.0
647,PL17_98indbel,carib,0.010581163347684145,0.9894188366522843,0.0
648,Ross1gemare,carib,0.028007471103573378,0.9719925288964191,0.0
649,Ross1gemare,carib,0.024626017917563636,0.975373982082415,0.0
650,Ross2abeare,carib,0.030945920816022623,0.9690540791839487,0.0
651,Ross2abeare,carib,0.03324725313877488,0.9667527468611878,0.0
652,Ross3pueare,carib,0.046320828094847305,0.9536791719051214,0.0
653,Ross3pueare,carib,0.0438407197269016,0.9561592802730758,0.0
